0,12537.21013
1,19588.16736
2,32999.43157
3,45457.16305
4,2949.234886
5,2127.963014
6,19489.21815
7,1877.763545
8,12117.19076
9,24237.16724
10,26919.42333
11,42755.50066
12,2508.426579
13,2674.449886
14,22490.81874
15,671.1635301
16,9568.731691
17,15014.36854
18,23307.09374
19,39678.37682
20,1633.868671
21,1719.154212
22,16637.46877
23,618.9097654
24,6098.180076
25,9521.703593
26,17402.02599
27,31974.97799
28,1118.103404
29,411.1185776
30,10909.73758
31,300.977386
32,4103.897914
33,5647.777222
34,9310.702869
35,17735.80232
36,544.2978471
37,92.93177
38,9270.353651
39,156.95784
40,2965.738349
41,4000.509149
42,7523.818327
43,11535.95132
44,420.2226257
45,131.514556
46,10653.88459
47,40
48,6111.176574
49,11398.25733
50,16537.54188
51,22936.68725
52,1775.30101
53,853.4188272
54,19369.79145
55,444.36959
56,5298.023026
57,8463.900588
58,15979.52455
59,22900.2029
60,1304.593138
61,541.3114289
62,14948.82002
63,502.5866338
64,3667.354836
65,6761.60779
66,9400.210153
67,15873.16676
68,334.89143
69,339.65916
70,12860.54058
71,141.315618
72,3224.75651
73,4500.003655
74,5290.857483
75,8524.734932
76,361.893761
77,287.312238
78,10584.7403
79,192.2543606
80,2772.378762
81,4082.675065
82,4116.687414
83,8324.326548
84,264.8689313
85,193.383176
86,10306.99479
87,38.78558354
88,2627.244168
89,3622.779945
90,3393.887294
91,7254.308236
92,253.9163497
93,92.51812367
94,10487.98507
95,122.28309
96,2602.776459
97,3984.662016
98,4416.226653
99,8256.427792
100,323.6486132
101,33.32825245
102,12645.49603
103,57.83699811
104,4696.053738
105,8714.216576
106,12990.71285
107,16512.73504
108,1163.82137
109,335.2356702
110,18442.24779
111,569.9546875
112,3086.554286
113,5585.12598
114,9635.871417
115,14430.47463
116,840.3923341
117,83.379696
118,12651.61428
119,140.2115741
120,2121.888737
121,3129.903358
122,3583.18616
123,7803.847484
124,174.1070632
125,43.86018378
126,9027.773186
127,37.38770889
128,2244.458555
129,2629.442114
130,2860.387104
131,6430.923925
132,284.7215652
133,57.381666
134,8755.509547
135,40
136,2066.919271
137,2636.556425
138,2953.50554
139,6714.056746
140,291.6134896
141,124.997672
142,9205.322763
143,54.473836
144,2008.021688
145,2980.593004
146,2723.294993
147,6333.439071
148,127.6710771
149,57.95885
150,9074.976403
151,58.797858
152,2139.682874
153,3667.780177
154,4118.018723
155,7855.698726
156,227.299669
157,43.5656704
158,11019.30931
159,40
160,4950.316644
161,8590.931299
162,13520.57562
163,14858.4938
164,944.2816071
165,218.3245588
166,18827.60505
167,187.5040684
168,2949.962373
169,5063.053051
170,9617.213349
171,12802.16043
172,181.1810815
173,40
174,12098.21832
175,40
176,2406.507253
177,3337.891483
178,4260.035934
179,7201.299364
180,482.5927547
181,40
182,9216.861397
183,54.3849868
184,2785.6664
185,3114.748577
186,3718.896643
187,6543.10268
188,200.6168342
189,40
190,9068.919389
191,86.287066
192,2925.108512
193,3159.369947
194,3807.650376
195,6570.505132
196,368.3644017
197,46.9570004
198,9125.341799
199,83.6544914
200,2958.17246
201,3349.102736
202,3735.302073
203,6389.826463
204,231.5110238
205,90.92508012
206,9555.47052
207,73.09657541
208,3097.895158
209,4307.45694
210,4706.401462
211,8075.154032
212,431.7028052
213,106.7665829
214,12380.83793
215,35.5336534
216,5592.976037
217,9337.510651
218,14958.38221
219,15875.65507
220,1200.490674
221,496.7987205
222,20473.3957
223,200.67652
224,3606.734319
225,5482.353294
226,10863.06558
227,14604.19052
228,304.3815026
229,79.854062
230,13036.78411
231,58.833994
232,2928.109102
233,3592.542739
234,4565.813654
235,7668.75745
236,293.6154218
237,70.0570048
238,8973.248099
239,69.306624
240,2911.241888
241,3473.307874
242,3853.488274
243,6465.577085
244,361.6153919
245,77.036687
246,8580.007902
247,131.21035
248,2393.154092
249,3270.775532
250,3734.454319
251,6831.672181
252,282.2155262
253,40
254,7849.467832
255,51.7805034
256,2514.779657
257,3648.754577
258,3572.981765
259,6970.020662
260,165.6828141
261,40
262,8405.193613
263,96.17894346
264,3112.805977
265,4919.265777
266,5289.986038
267,8833.461818
268,306.1461726
269,312.188567
270,12214.75247
271,130.6197972
272,6036.245939
273,10975.01279
274,16501.20734
275,18633.46587
276,1542.132993
277,721.484895
278,20558.27777
279,393.0842026
280,3680.79003
281,7034.201815
282,12342.54669
283,16819.22478
284,508.3315347
285,98.031614
286,13481.65196
287,140.490519
288,3484.42834
289,5015.915235
290,6513.543875
291,9729.388095
292,309.1713907
293,125.091672
294,11794.62714
295,107.7110644
296,3967.5851
297,5159.393334
298,5964.767186
299,9514.734541
300,530.3404037
301,122.3898714
302,12376.40143
303,149.77537
304,4041.416177
305,5182.245975
306,6137.444504
307,9205.391883
308,616.1066782
309,160.4925484
310,12372.56269
311,204.8179513
312,4114.238544
313,5710.601568
314,6398.864575
315,9651.155078
316,807.7607314
317,86.1878772
318,12520.51952
319,183.460364
320,5207.621848
321,7588.360997
322,9050.707465
323,12839.5873
324,1700.039676
325,618.8916397
326,16531.88718
327,811.8032162
328,9022.514899
329,15652.75492
330,21727.54523
331,22666.84591
332,2880.579806
333,1788.365715
334,24042.1805
335,1353.343999
336,6085.542969
337,10145.7158
338,15769.70451
339,19353.67976
340,1420.048576
341,560.5625193
342,16939.45652
343,302.4985357
344,4221.734533
345,5668.786203
346,7539.780636
347,11180.16939
348,616.3155257
349,256.0584506
350,12775.31682
351,227.8283571
352,4195.934475
353,5371.878082
354,6448.350332
355,10602.51367
356,584.7117826
357,137.9102284
358,12900.30089
359,198.8294395
360,4011.804806
361,5144.433044
362,6559.392303
363,10434.12136
364,581.5807405
365,115.2454623
366,12275.38844
367,147.3388346
368,3849.972627
369,5029.649901
370,6324.33039
371,11050.90908
372,558.7938585
373,200.7880371
374,12497.05633
375,116.6145197
376,4309.616543
377,6198.428276
378,7935.626337
379,12864.91399
380,732.4072412
381,363.1752748
382,15998.82002
383,184.9568194
384,8150.196609
385,14347.00419
386,21241.60605
387,22224.28286
388,2290.640019
389,1295.766503
390,23370.77261
391,650.1424822
392,5520.823133
393,9375.492587
394,15863.46648
395,19623.93029
396,1332.04964
397,359.1351228
398,16243.87607
399,270.9785732
400,4172.472285
401,5815.984688
402,7336.727422
403,12731.61239
404,639.1187267
405,268.982346
406,12460.2364
407,253.6348423
408,4159.014848
409,5491.2569
410,6500.830645
411,11512.96893
412,543.5277334
413,296.9783512
414,12617.5017
415,300.1959863
416,3886.790916
417,5369.903722
418,6564.989752
419,11298.68547
420,683.4489397
421,295.1973222
422,12842.27108
423,259.875404
424,3812.341316
425,5594.12841
426,6148.979179
427,11257.28651
428,600.4711554
429,270.2124223
430,13070.54034
431,188.1622831
432,4386.539054
433,6990.128496
434,8226.446424
435,12867.88681
436,839.7474463
437,504.3018016
438,17069.62223
439,383.4583365
440,7687.47162
441,15033.74841
442,21048.30864
443,22957.78045
444,2420.512166
445,1250.948811
446,21724.72716
447,741.2954503
448,5063.978503
449,9453.69911
450,14354.01697
451,20311.88858
452,1115.399226
453,53.22157457
454,15172.6765
455,53.1827158
456,3204.800552
457,5406.587541
458,7106.010096
459,12053.19266
460,559.7977846
461,66.56961301
462,11646.99698
463,114.9046511
464,2868.348799
465,4640.207765
466,5763.456522
467,10576.75342
468,456.960224
469,43.41408
470,11527.33589
471,114.128962
472,2531.681425
473,3832.153718
474,6037.062691
475,10242.43129
476,124.731454
477,101.253406
478,10084.38695
479,264.245726
480,2643.107988
481,4346.513855
482,5936.173421
483,9227.658431
484,154.7515431
485,40
486,10338.70033
487,132.643798
488,3439.092532
489,5750.517418
490,8231.086653
491,12032.20583
492,343.6602139
493,69.8535882
494,14207.14295
495,309.6092386
496,7044.109022
497,13406.56502
498,23307.55903
499,23049.00328
500,1784.390019
501,638.543608
502,20453.01849
503,440.9660988
504,4956.768644
505,9488.885283
506,17971.83555
507,20328.88898
508,711.374482
509,309.021384
510,14830.00085
511,609.6148
512,2523.457706
513,4520.029158
514,7278.259254
515,10367.50317
516,99.89592748
517,82.09688
518,10634.02069
519,106.68671
520,2544.22704
521,4286.101014
522,6175.547487
523,8826.010383
524,144.256386
525,56.432862
526,10365.45454
527,47.856258
528,2396.375054
529,4381.547751
530,6274.551011
531,8724.903958
532,201.390378
533,73.9192336
534,10432.97137
535,83.9740226
536,2475.373349
537,4519.220516
538,6395.915541
539,8778.355505
540,139.6850432
541,52.57219824
542,11089.44009
543,53.1214354
544,2912.865921
545,5721.089957
546,8305.975426
547,11531.97114
548,320.9054714
549,113.5365044
550,14003.84667
551,199.7289588
552,6240.340031
553,12493.2214
554,21348.56295
555,22392.86261
556,1487.693487
557,718.2484458
558,20995.85908
559,266.811604
560,4207.608538
561,8525.618214
562,17448.60635
563,19443.18998
564,603.0522873
565,104.6769696
566,15696.18478
567,99.3669868
568,2640.606217
569,4987.937474
570,8933.517991
571,12461.68441
572,407.5033916
573,214.4467173
574,12802.7741
575,128.8372836
576,2717.176239
577,4517.797708
578,7364.758339
579,11051.81149
580,426.5925946
581,108.9305868
582,12392.20164
583,143.182996
584,2548.714311
585,4192.159984
586,7189.101725
587,10468.19286
588,485.1469432
589,160.563806
590,12052.34684
591,144.0023768
592,2355.783224
593,4062.251666
594,7128.206665
595,10776.44798
596,418.6574568
597,68.7932046
598,11932.83219
599,91.958345
600,3009.507076
601,5398.311769
602,9525.515867
603,13490.51144
604,635.8447584
605,183.3558693
606,14797.23483
607,140.701714
608,7973.504724
609,14887.57901
610,26923.15991
611,25989.81215
612,2742.297322
613,1455.504249
614,23856.04203
615,518.33316
616,7326.338069
617,13953.09544
618,27575.77292
619,26358.71264
620,2947.509549
621,1185.805496
622,20655.81578
623,750.2396869
624,5112.975195
625,10804.19463
626,19165.67324
627,24669.73874
628,1709.724332
629,774.1078627
630,17697.20942
631,1123.672758
632,3213.140503
633,6303.738081
634,10143.83124
635,14057.92596
636,856.0690958
637,506.02286
638,14826.16428
639,106.33711
640,2559.969741
641,4906.301094
642,9077.528635
643,12429.73616
644,398.663614
645,173.618112
646,13509.75445
647,199.33683
648,2373.876612
649,5062.338895
650,9245.319982
651,12790.43222
652,282.4491192
653,87.9683152
654,13689.69364
655,99.260194
656,3363.362781
657,6641.402608
658,11924.07402
659,15390.25525
660,472.8350554
661,313.2180192
662,17609.7451
663,163.073958
664,7886.410281
665,15124.89842
666,26574.59673
667,28527.23715
668,2856.457248
669,1626.985319
670,25959.5969
671,710.0303372
672,6782.738813
673,12859.30403
674,25253.22501
675,29006.67892
676,2353.444708
677,1008.464881
678,23741.55434
679,416.569322
680,5219.722306
681,8404.732455
682,16785.56347
683,23582.16657
684,2006.213531
685,1380.759985
686,18949.8997
687,1071.295721
688,4193.69344
689,7480.647303
690,16275.62422
691,21331.2498
692,1780.273459
693,887.7146121
694,17309.91211
695,676.2372425
696,4238.26998
697,7382.247386
698,16557.40805
699,20652.60371
700,1787.499821
701,807.5744914
702,17555.07942
703,703.0627719
704,3459.155398
705,6548.49464
706,13201.9563
707,19189.67033
708,918.2964722
709,386.6797492
710,15813.50259
711,354.3878456
712,3546.459732
713,6508.288591
714,14378.0064
715,19289.00157
716,1069.920736
717,363.336782
718,20276.86867
719,594.8212527
720,7146.680097
721,12540.5045
722,24186.1624
723,28737.91057
724,2803.636828
725,1452.255872
726,27928.36189
727,739.0178639
728,5978.191064
729,10714.84606
730,24235.92962
731,27665.34594
732,2174.869071
733,945.0774443
734,25962.99841
735,584.1989148
736,2966.553019
737,2901.562734
738,12356.25554
739,16938.83945
740,910.7832648
741,349.419799
742,18720.32527
743,595.6724931
744,2472.526539
745,2941.74003
746,10827.37739
747,15605.76467
748,965.9723081
749,680.9576086
750,19397.99544
751,456.0972383
752,2527.121334
753,3210.294254
754,9084.120419
755,13866.84717
756,757.6840561
757,586.8714523
758,16277.25394
759,529.3225838
760,2121.123691
761,2847.350778
762,7072.651159
763,10950.43853
764,301.5721754
765,92.055084
766,13150.09585
767,286.5070089
768,2130.934803
769,3406.600515
770,8443.668303
771,11291.04652
772,342.4536317
773,140.82781
774,14981.61258
775,367.6300866
776,3592.636958
777,6286.046411
778,20291.6838
779,21308.19976
780,1167.548325
781,244.3913727
782,23345.32843
783,241.0084954
784,2231.346632
785,4245.048915
786,15179.01399
787,18851.09016
788,974.5690966
789,248.764545
790,15098.00051
791,214.9302406
792,1644.423658
793,2571.241705
794,7976.038014
795,9174.522135
796,293.9063135
797,134.489836
798,12764.77862
799,153.8047546
800,1501.249382
801,2500.052263
802,6207.245488
803,7382.052374
804,302.5615417
805,74.77272746
806,12077.02608
807,159.5259907
808,1528.049409
809,2603.309293
810,5854.027479
811,7052.525709
812,493.6719596
813,142.225342
814,11621.87621
815,121.5964212
816,1561.596029
817,3488.613766
818,6076.991848
819,6662.993177
820,448.3931299
821,112.325716
822,12363.40087
823,64.30740373
824,1973.973219
825,4464.838162
826,7910.080356
827,9716.197724
828,298.5569844
829,274.9513266
830,14821.31161
831,154.3309463
832,3269.462917
833,7920.26998
834,20003.77893
835,20633.71568
836,1163.350916
837,328.124098
838,18367.58882
839,179.70382
840,2357.60277
841,5731.204856
842,15763.52911
843,17909.67523
844,777.837895
845,618.6105494
846,13563.30249
847,334.932364
848,1590.477197
849,4581.19823
850,8797.140896
851,10224.8014
852,343.5777578
853,111.2767556
854,9436.794044
855,75.180572
856,1836.679761
857,4387.365233
858,6546.751609
859,8309.613719
860,399.4308326
861,82.55805428
862,6188.639912
863,78.4891066
864,1687.031552
865,4418.830239
866,6317.606923
867,8047.577538
868,499.4289408
869,76.010552
870,5262.126918
871,66.484756
872,1819.315742
873,5735.721192
874,7094.395691
875,8039.827387
876,363.2148673
877,60.4193514
878,5858.917521
879,74.56153
880,2684.418944
881,8511.66556
882,9351.915267
883,11095.84265
884,655.3614047
885,255.884522
886,8574.545567
887,220.7243873
888,4188.865156
889,13086.41204
890,20094.44452
891,22424.86728
892,1516.782786
893,270.1760905
894,13240.28474
895,147.237066
896,3069.790427
897,11664.20405
898,15000.48103
899,18106.36226
900,1126.449001
901,317.2211689
902,8719.908652
903,88.2262632
904,2653.591234
905,10860.82591
906,8907.73645
907,9250.549981
908,444.56689
909,241.80283
910,6025.08391
911,153.36083
912,2305.561936
913,10247.23084
914,7108.634528
915,7240.619441
916,201.21905
917,51.3918106
918,5057.140489
919,42.7257126
920,1917.329941
921,9986.288595
922,6928.394103
923,6226.695145
924,301.470504
925,93.5662872
926,4663.998578
927,62.1078016
928,2016.9681
929,10833.54929
930,6621.011103
931,7646.969726
932,368.8294683
933,48.606724
934,5004.249357
935,98.770498
936,2587.938755
937,12273.9823
938,10377.0503
939,11365.98801
940,623.9963146
941,54.522852
942,8158.578077
943,40
944,7794.718124
945,19830.94793
946,26793.61405
947,28375.93703
948,3400.704676
949,977.9220266
950,15201.43555
951,740.7863655
952,8527.227955
953,20714.15395
954,26193.52136
955,31268.31442
956,3515.404544
957,1080.705412
958,11833.08504
959,959.0051546
960,6444.340048
961,17100.59992
962,17724.73252
963,24873.977
964,2173.204762
965,607.0097051
966,11339.31192
967,1743.378687
968,7879.975582
969,18181.70133
970,20469.50219
971,31870.294
972,3315.638707
973,978.3455447
974,14950.81124
975,1089.168727
976,16065.80548
977,33048.88668
978,45344.41188
979,64780.92358
980,7419.826073
981,2523.645758
982,24464.66012
983,2813.559977
984,15107.32326
985,32683.3934
986,41291.39782
987,64388.69559
988,6779.147198
989,3474.933602
990,27820.81174
991,2999.131013
992,11922.81063
993,25120.29434
994,36445.33821
995,46781.99749
996,5355.925211
997,2314.400352
998,21686.12524
999,1623.416183
1000,5716.94415
1001,14820.8572
1002,25499.16506
1003,26977.226
1004,3368.758259
1005,774.7024564
1006,16631.32692
1007,595.1808079
1008,3731.030239
1009,10154.62799
1010,15903.88659
1011,21034.70312
1012,1298.273274
1013,52.985276
1014,9629.682237
1015,77.7372048
1016,1976.966376
1017,4909.834661
1018,8261.173635
1019,9179.501208
1020,302.1406244
1021,40
1022,8071.345483
1023,83.39402
1024,1662.427572
1025,4684.758743
1026,7157.120098
1027,7293.025437
1028,416.8544887
1029,40
1030,8066.319816
1031,246.1437366
1032,1923.716763
1033,4711.404151
1034,7008.133654
1035,6938.838827
1036,278.9246706
1037,42.8869091
1038,7368.760045
1039,42.8012928
1040,2018.832229
1041,5149.502198
1042,7111.985136
1043,7038.32551
1044,280.006002
1045,49.782568
1046,8600.819723
1047,40
1048,1980.787483
1049,5460.876632
1050,9897.785373
1051,9124.97301
1052,251.0282018
1053,46.1689614
1054,12431.86587
1055,40
1056,4123.438741
1057,9376.343469
1058,19853.67206
1059,17094.8344
1060,833.8990632
1061,321.676246
1062,18789.17217
1063,248.794716
1064,2708.174968
1065,7210.535273
1066,16476.21858
1067,15166.02447
1068,603.2392281
1069,86.7151618
1070,13808.26907
1071,43.5887646
1072,2494.93088
1073,5123.227527
1074,8855.61457
1075,8321.370076
1076,414.5951665
1077,75.53605027
1078,10236.30308
1079,46.37085668
1080,2378.127452
1081,4634.422292
1082,7294.033096
1083,6848.249505
1084,325.8156382
1085,76.0960472
1086,9725.604805
1087,40
1088,2624.599595
1089,4696.272655
1090,6588.693004
1091,6798.235451
1092,323.4064075
1093,44.491732
1094,9390.255436
1095,52.006246
1096,2847.143872
1097,4985.153838
1098,7012.078708
1099,6672.395838
1100,381.7817538
1101,112.5897338
1102,10708.23436
1103,52.66472
1104,2969.751725
1105,5653.625785
1106,8594.603477
1107,7860.06206
1108,448.352473
1109,91.4344054
1110,13368.56758
1111,40
1112,4222.281105
1113,8409.710315
1114,19294.37057
1115,14040.46343
1116,774.4626092
1117,195.8576212
1118,19661.38267
1119,40
1120,3429.860447
1121,7483.561008
1122,16296.13007
1123,12171.51015
1124,591.0234977
1125,143.656127
1126,15119.45308
1127,40
1128,3091.779263
1129,5413.619943
1130,8720.950369
1131,7151.260856
1132,591.0591672
1133,178.4258483
1134,11617.11131
1135,91.9619158
1136,2886.241727
1137,5108.374495
1138,7362.934624
1139,6032.229948
1140,413.6243658
1141,123.1090312
1142,11400.55834
1143,70.156691
1144,2875.101699
1145,5189.508323
1146,7086.434051
1147,5531.356879
1148,490.699098
1149,63.233516
1150,10997.13079
1151,41.2267778
1152,2798.55403
1153,5241.286433
1154,6903.961059
1155,5132.043828
1156,432.3052128
1157,63.696654
1158,11280.76205
1159,43.1290214
1160,2973.030083
1161,6127.401832
1162,8535.055825
1163,6288.534103
1164,487.931876
1165,80.3777718
1166,13533.06785
1167,79.45695799
1168,4348.590855
1169,9543.669522
1170,19169.5021
1171,13486.222
1172,997.7286833
1173,250.246359
1174,19717.97759
1175,194.3310415
1176,3256.750934
1177,7155.861489
1178,14509.26826
1179,11412.23444
1180,694.2826798
1181,75.2218892
1182,15348.16649
1183,70.187894
1184,3026.945001
1185,5754.681178
1186,8329.646038
1187,9242.22407
1188,513.1754091
1189,151.771659
1190,11586.9855
1191,30.89707543
1192,3111.860264
1193,5436.263413
1194,6614.413577
1195,8066.244497
1196,456.6333125
1197,90.5531068
1198,11546.99677
1199,164.33192
1200,2859.795374
1201,5363.92076
1202,6683.6274
1203,7787.002682
1204,512.3533712
1205,83.57969912
1206,11503.70117
1207,192.864526
1208,2765.084398
1209,6928.293567
1210,7316.226004
1211,8302.499763
1212,739.4487776
1213,85.83396
1214,10783.19436
1215,264.76257
1216,3176.365154
1217,7589.921941
1218,9911.37251
1219,10615.53129
1220,1018.340898
1221,237.0010533
1222,13543.04098
1223,133.3363486
1224,4673.925915
1225,12204.53954
1226,22282.51638
1227,20611.26578
1228,1920.940138
1229,169.7683279
1230,18926.70857
1231,68.860274
1232,3717.572812
1233,10101.92286
1234,17902.27233
1235,19939.35024
1236,1573.703529
1237,245.1683612
1238,13834.25617
1239,123.691614
1240,3441.616543
1241,7083.334821
1242,9514.624706
1243,10832.22059
1244,959.0866034
1245,226.3368858
1246,10126.66795
1247,111.3304365
1248,3446.350318
1249,6656.635167
1250,7942.536301
1251,8789.328642
1252,637.5832389
1253,145.4521347
1254,10419.38374
1255,69.98526663
1256,3390.514129
1257,6411.150156
1258,7976.311312
1259,8456.525359
1260,819.7495924
1261,185.28084
1262,9716.10617
1263,85.07238521
1264,3670.70399
1265,6690.023921
1266,7937.106956
1267,9047.830703
1268,825.6139671
1269,147.1030971
1270,10257.812
1271,56.99595534
1272,3813.368489
1273,7853.444522
1274,10822.52315
1275,11388.10782
1276,1030.525131
1277,273.3960028
1278,13621.48853
1279,111.8184262
1280,5728.821255
1281,12701.96802
1282,24238.61851
1283,21432.39168
1284,1973.90464
1285,731.4958378
1286,18047.95828
1287,375.1708455
1288,4386.675842
1289,10134.45888
1290,18674.16685
1291,18878.46569
1292,1439.977524
1293,270.931048
1294,14099.48075
1295,90.00294946
1296,3557.32596
1297,6897.24767
1298,9600.692931
1299,10364.73315
1300,836.0550986
1301,266.7019416
1302,11402.5847
1303,111.1345483
1304,3741.907506
1305,6590.811611
1306,7919.920036
1307,8783.887437
1308,754.2846351
1309,128.190618
1310,10802.94956
1311,589.8254052
1312,3637.184031
1313,6514.662133
1314,7588.273625
1315,7981.03932
1316,743.4121556
1317,99.85832526
1318,10643.68683
1319,106.8702317
1320,3975.459603
1321,6525.029051
1322,7782.821796
1323,8138.073612
1324,743.244436
1325,164.5435993
1326,10943.01847
1327,139.6766882
1328,4357.453819
1329,8411.253315
1330,10667.2522
1331,11167.50051
1332,1163.507453
1333,446.8310894
1334,13715.20435
1335,338.2720775
1336,6387.22205
1337,14060.61006
1338,25934.61617
1339,22319.94361
1340,2170.651252
1341,958.333314
1342,20684.34968
1343,363.8535931
1344,5502.228446
1345,10428.45567
1346,20415.6287
1347,18922.57968
1348,1532.583064
1349,458.4147073
1350,14975.89857
1351,413.5845963
1352,4369.195405
1353,6977.970114
1354,9446.657627
1355,9581.691644
1356,675.6457877
1357,219.0730964
1358,11078.6542
1359,161.9262129
1360,4555.37447
1361,6546.782639
1362,8052.650914
1363,7896.29688
1364,542.1390095
1365,80.82996467
1366,10483.23047
1367,91.34260088
1368,4211.008432
1369,6470.681985
1370,7491.343568
1371,7619.96983
1372,761.2840595
1373,100.9180414
1374,10787.43772
1375,141.4921176
1376,4737.853892
1377,6882.002451
1378,7822.59774
1379,7804.347564
1380,745.2497095
1381,215.3276811
1382,11303.35122
1383,199.2734749
1384,5418.033934
1385,8334.647064
1386,11100.99338
1387,11193.6026
1388,1015.419609
1389,356.623184
1390,14426.65687
1391,369.3593084
1392,7633.033267
1393,14546.7823
1394,26721.53313
1395,21492.37525
1396,2582.965083
1397,1266.086259
1398,20992.31484
1399,721.5979745
1400,7171.645267
1401,11783.20721
1402,21645.69294
1403,18898.89618
1404,2305.988159
1405,433.3737279
1406,15086.0166
1407,443.3226255
1408,5567.522913
1409,8108.240201
1410,10195.06241
1411,9628.393667
1412,1159.674965
1413,286.5589186
1414,10992.45695
1415,332.045187
1416,5699.415471
1417,7725.954346
1418,7936.389517
1419,8081.089084
1420,944.6763053
1421,154.3131986
1422,10834.18773
1423,394.2514698
1424,5050.724596
1425,7482.965231
1426,7910.013917
1427,8227.897815
1428,675.9442331
1429,204.513776
1430,9898.132315
1431,362.331172
1432,4779.654462
1433,7500.697658
1434,7600.758253
1435,7500.64199
1436,630.4476794
1437,224.607222
1438,9909.780507
1439,243.304354
1440,5403.169201
1441,9189.915278
1442,10456.41434
1443,10424.37554
1444,955.5218022
1445,472.4280342
1446,12399.80045
1447,506.5942571
1448,5628.336288
1449,11787.35208
1450,19074.467
1451,16016.1204
1452,1354.234263
1453,299.577969
1454,16895.16821
1455,546.078314
1456,4591.732902
1457,8883.452212
1458,15998.47488
1459,14118.03822
1460,819.732965
1461,85.30693
1462,11019.55479
1463,199.084762
1464,4035.939571
1465,6081.566335
1466,7013.135769
1467,7342.570773
1468,1008.439528
1469,183.6905021
1470,9125.043705
1471,139.3301492
1472,3814.711838
1473,5465.15447
1474,5943.038342
1475,5585.590577
1476,336.1119296
1477,40
1478,8399.881321
1479,45.0295166
1480,3981.177388
1481,5523.801661
1482,6396.247132
1483,6345.060284
1484,510.1729715
1485,127.3368002
1486,8935.74457
1487,142.0770228
1488,4547.763662
1489,6064.90243
1490,7166.820244
1491,6641.780934
1492,698.898004
1493,143.586492
1494,9501.998751
1495,64.598328
1496,4369.535891
1497,6654.212142
1498,9076.66412
1499,9182.069614
1500,643.553741
1501,40
1502,11510.64309
1503,96.7042
1504,5883.54538
1505,11765.87021
1506,20409.61524
1507,16793.67841
1508,1359.558498
1509,185.60044
1510,18586.44355
1511,159.613019
1512,5254.089261
1513,9943.339076
1514,18640.20492
1515,15301.55759
1516,1050.597266
1517,83.287512
1518,13396.96948
1519,40
1520,4218.914606
1521,6206.357063
1522,8632.083661
1523,8511.545153
1524,533.4057963
1525,54.384368
1526,9769.608191
1527,46.90591
1528,4204.480497
1529,5814.093957
1530,7925.525143
1531,8433.852504
1532,474.7360516
1533,40
1534,9505.25748
1535,40
1536,3947.230843
1537,5895.028668
1538,7525.412028
1539,8266.539804
1540,571.0785673
1541,56.4563956
1542,9785.989908
1543,88.9260144
1544,4259.672302
1545,6546.067403
1546,7372.339421
1547,8651.292955
1548,561.4896543
1549,82.6008752
1550,10242.27092
1551,90.5931664
1552,4944.303774
1553,7968.754857
1554,10093.42541
1555,10841.00719
1556,976.8527414
1557,211.126474
1558,13164.46909
1559,173.0698389
1560,8015.428276
1561,14495.80213
1562,25616.166
1563,23941.80912
1564,2597.313725
1565,756.5773143
1566,21884.89015
1567,520.9386127
1568,7712.130053
1569,14405.22963
1570,24102.13308
1571,24554.79293
1572,1981.453253
1573,901.2093177
1574,18568.63703
1575,1083.788679
1576,7572.20217
1577,11169.99911
1578,18639.57538
1579,19500.40406
1580,2158.881093
1581,513.0613338
1582,16376.32815
1583,291.3989133
1584,5581.822234
1585,7990.894871
1586,9591.76387
1587,12446.29232
1588,1219.268572
1589,527.6201914
1590,12191.81787
1591,525.2551122
1592,4835.317784
1593,7868.288324
1594,9871.78966
1595,12748.83102
1596,1164.956005
1597,565.2835789
1598,12574.92698
1599,513.3541024
1600,3872.685139
1601,7028.411983
1602,9716.841665
1603,11559.43815
1604,554.5841415
1605,46.5255372
1606,11372.14446
1607,31.22881746
1608,4601.513408
1609,9079.54657
1610,14432.34503
1611,20335.5239
1612,976.6189473
1613,96.48931
1614,17092.09146
1615,310.6313215
1616,7302.49529
1617,16179.45149
1618,29002.86165
1619,28769.54842
1620,2505.523098
1621,1024.484556
1622,25444.35735
1623,810.7739629
1624,6176.541903
1625,12358.51864
1626,26810.64531
1627,28368.02272
1628,1968.996073
1629,1037.548548
1630,19802.9562
1631,810.7670607
1632,4539.637042
1633,7718.057308
1634,14726.44421
1635,20473.94597
1636,997.7458769
1637,257.889876
1638,14038.45265
1639,307.5659382
1640,4782.699145
1641,7704.658074
1642,14536.87047
1643,21817.71862
1644,932.7938858
1645,245.2099692
1646,13521.63929
1647,235.4811158
1648,4737.605556
1649,7907.534389
1650,14602.07517
1651,19895.36209
1652,1110.045598
1653,249.0434324
1654,13551.8675
1655,339.5647217
1656,5658.959133
1657,9869.380402
1658,16144.1189
1659,23718.67845
1660,1290.572191
1661,444.0525023
1662,14309.46645
1663,492.4645635
1664,6413.795489
1665,12225.46354
1666,19238.75806
1667,26706.2585
1668,1686.635439
1669,668.275705
1670,19290.89165
1671,812.7738351
1672,7591.026196
1673,17052.15204
1674,31049.97945
1675,31824.80071
1676,2494.395961
1677,1264.660546
1678,26721.59395
1679,893.5461295
1680,7492.87193
1681,15312.09225
1682,28842.04322
1683,32043.53889
1684,2145.155692
1685,1510.936313
1686,21913.63748
1687,1074.460193
1688,6107.504016
1689,10902.67648
1690,17548.62905
1691,25470.40037
1692,1478.811801
1693,879.9206098
1694,15224.32574
1695,741.8777762
1696,4884.717695
1697,9054.85221
1698,13874.9564
1699,17710.46106
1700,757.2914397
1701,224.650984
1702,12949.53587
1703,239.2688862
1704,4659.813749
1705,8942.275844
1706,12823.78225
1707,17037.31495
1708,867.8571299
1709,162.2080488
1710,12954.61104
1711,299.6688642
1712,5399.614115
1713,10116.47758
1714,15123.82761
1715,20019.0903
1716,953.9861452
1717,383.343456
1718,15242.0206
1719,374.4302696
1720,6012.672149
1721,11856.00124
1722,17746.72748
1723,22244.08392
1724,1147.550453
1725,327.4801568
1726,17569.01753
1727,422.71565
1728,6667.377331
1729,15156.27944
1730,26162.60996
1731,25470.24193
1732,1669.414558
1733,209.2064699
1734,23191.16513
1735,208.6482582
1736,6322.783536
1737,14043.80688
1738,24076.84529
1739,25332.91548
1740,1374.735329
1741,262.3565354
1742,20533.76278
1743,268.4259235
1744,5853.628664
1745,10619.90329
1746,17715.08374
1747,21965.59294
1748,1275.321
1749,363.2395286
1750,16467.05351
1751,440.6921617
1752,5987.063497
1753,10432.48169
1754,17008.48043
1755,20952.23777
1756,1083.851553
1757,527.3855393
1758,16632.29931
1759,517.6476559
1760,6231.286071
1761,10717.99777
1762,18223.8597
1763,23216.69736
1764,1380.295638
1765,509.3823494
1766,17085.41824
1767,625.0156584
1768,7350.260347
1769,12502.50865
1770,22351.49669
1771,27014.46241
1772,2291.643314
1773,1164.708718
1774,20252.83484
1775,1174.663185
1776,9376.190659
1777,16474.83213
1778,31380.81355
1779,34124.3328
1780,3690.660297
1781,1254.97567
1782,24250.60565
1783,1394.891539
1784,9158.096814
1785,17663.16164
1786,33204.96484
1787,32046.82961
1788,3094.69687
1789,1563.031895
1790,28767.45047
1791,1681.952427
1792,9374.108802
1793,16416.9184
1794,33163.6644
1795,31798.4923
1796,3238.32057
1797,1508.344826
1798,26461.89164
1799,1638.043668
1800,9041.502362
1801,14429.65051
1802,26675.95673
1803,29148.34187
1804,3471.336835
1805,2091.610103
1806,23682.78805
1807,1810.258999
1808,8352.999085
1809,13481.09453
1810,25410.50602
1811,26824.53738
1812,2850.791405
1813,1654.007228
1814,20998.61108
1815,1654.456282
1816,7513.941772
1817,12456.46931
1818,24789.85263
1819,27215.08934
1820,2440.25966
1821,1161.181883
1822,19054.53066
1823,1189.498229
1824,7144.370108
1825,12588.31717
1826,25006.48045
1827,28789.48209
1828,2283.491222
1829,975.3564947
1830,19482.98039
1831,1077.859744
1832,6458.340724
1833,12487.59075
1834,24115.16024
1835,28062.30223
1836,1809.669322
1837,1185.865507
1838,21124.16652
1839,815.5931893
1840,6562.619039
1841,14404.6727
1842,28370.23596
1843,28845.88555
1844,1899.253675
1845,525.3045983
1846,24860.8603
1847,395.5268803
1848,5807.679649
1849,12552.57196
1850,26486.24571
1851,28205.61452
1852,1280.969307
1853,283.7904091
1854,20436.98556
1855,328.2970159
1856,5187.432505
1857,9978.836193
1858,21143.53039
1859,23815.74254
1860,1186.688862
1861,477.3145307
1862,17378.74734
1863,549.9161018
1864,5040.289394
1865,9248.648974
1866,19839.15551
1867,22475.49332
1868,1025.568714
1869,334.779094
1870,16617.90298
1871,497.9069626
1872,4609.637462
1873,8988.231345
1874,18479.89129
1875,22032.12886
1876,1005.696071
1877,383.4181239
1878,15968.56424
1879,424.8688912
1880,4889.783613
1881,8482.72166
1882,18633.64377
1883,23799.61603
1884,1264.398329
1885,437.833674
1886,16012.29749
1887,474.002528
1888,4964.623571
1889,9331.626792
1890,18699.74243
1891,21737.23932
1892,1271.361212
1893,758.5562967
1894,19164.7401
1895,439.8913862
1896,6037.991286
1897,13288.10148
1898,27309.24681
1899,25391.38468
1900,1831.008855
1901,455.9148063
1902,23760.76437
1903,315.344964
1904,5404.484582
1905,11407.75948
1906,24883.43685
1907,23878.03108
1908,1241.148441
1909,299.638424
1910,18925.80925
1911,234.183454
1912,4651.301231
1913,7977.60673
1914,18060.95569
1915,19511.28157
1916,1105.298061
1917,288.5686401
1918,13843.28753
1919,196.0699192
1920,4027.24538
1921,6518.60357
1922,15694.65763
1923,16666.89336
1924,601.4497748
1925,68.34171
1926,14043.26239
1927,81.723742
1928,3084.305689
1929,5148.639621
1930,10239.62129
1931,13613.80473
1932,242.2292064
1933,40
1934,12809.43821
1935,40.68119412
1936,3335.178972
1937,6045.104752
1938,10243.84008
1939,10999.68814
1940,510.7279818
1941,54.219011
1942,11623.20733
1943,424.80362
1944,4027.839659
1945,7291.737583
1946,13140.29878
1947,12683.18811
1948,531.4687758
1949,157.899986
1950,13692.06026
1951,172.273338
1952,6022.605527
1953,12317.51953
1954,25148.57919
1955,22978.83829
1956,1387.363724
1957,413.44915
1958,19429.82147
1959,180.4915179
1960,4994.361228
1961,9769.198191
1962,20941.54234
1963,21336.50708
1964,706.5701422
1965,73.211563
1966,14338.41188
1967,47.3858886
1968,4186.120639
1969,7082.292261
1970,11619.67494
1971,13016.28587
1972,587.9884162
1973,86.64095815
1974,10741.94189
1975,95.4283292
1976,4219.029372
1977,6543.323987
1978,10403.20528
1979,10826.82781
1980,420.8620991
1981,124.030556
1982,11215.62378
1983,102.4018308
1984,4183.297802
1985,6588.317433
1986,10042.00557
1987,10339.42025
1988,706.962805
1989,175.595904
1990,11362.80978
1991,133.094768
1992,4491.904218
1993,6966.601173
1994,10417.7979
1995,11587.02597
1996,616.2427624
1997,296.1757618
1998,11411.11706
1999,221.2050311
2000,5169.773965
2001,8044.566633
2002,12315.73534
2003,13308.76014
2004,782.2876594
2005,315.2191235
2006,14838.74175
2007,403.3206632
2008,6347.633807
2009,13076.17828
2010,24986.03986
2011,21568.06318
2012,1639.57111
2013,423.456182
2014,20710.3812
2015,260.5237583
2016,5396.960408
2017,10543.72819
2018,20969.98611
2019,20945.94876
2020,862.7075862
2021,92.778903
2022,15775.42376
2023,198.61803
2024,4568.977734
2025,7394.172898
2026,12317.99388
2027,13729.4002
2028,769.1097238
2029,464.2480393
2030,12501.14482
2031,246.6063671
2032,4570.692634
2033,6834.32395
2034,10460.11796
2035,11655.52312
2036,603.5254794
2037,180.2601275
2038,11937.85883
2039,224.0102503
2040,4317.912644
2041,6819.255381
2042,9408.746612
2043,10308.79453
2044,839.119328
2045,268.827164
2046,12381.0123
2047,381.8355341
2048,4114.9659
2049,6981.712459
2050,9703.993555
2051,10285.26914
2052,736.8810241
2053,285.9953206
2054,12409.14
2055,256.641775
2056,4331.81917
2057,7809.326778
2058,11744.88992
2059,12970.2033
2060,466.6179429
2061,225.35087
2062,15021.09413
2063,261.014728
2064,7551.620471
2065,15772.82897
2066,28815.65885
2067,24707.34349
2068,2710.887128
2069,947.5109424
2070,22985.97544
2071,521.680466
2072,7044.002965
2073,15480.8663
2074,30566.93189
2075,26488.28898
2076,2300.425395
2077,601.83168
2078,20948.76646
2079,771.670524
2080,6524.982794
2081,15177.84642
2082,22746.80155
2083,24611.0307
2084,1825.191626
2085,547.0178887
2086,19605.67572
2087,620.3258396
2088,5280.583505
2089,8847.935461
2090,11764.26305
2091,13728.55775
2092,1038.047602
2093,498.6212265
2094,15437.31217
2095,417.7998611
2096,6032.189258
2097,10601.39195
2098,11920.08926
2099,13799.04906
2100,1881.040181
2101,827.7762413
2102,17865.82462
2103,1354.795678
2104,5578.437272
2105,10803.53155
2106,11431.00889
2107,14996.06404
2108,1523.187171
2109,470.604
2110,18792.8354
2111,1080.177783
2112,5499.525912
2113,11106.32171
2114,14571.85979
2115,17180.66107
2116,1486.289542
2117,302.998864
2118,20320.63089
2119,819.9240485
2120,7254.844784
2121,15017.46829
2122,28130.60764
2123,27808.40821
2124,3026.629121
2125,1275.758341
2126,26195.5328
2127,1148.959627
2128,6748.504936
2129,14406.11642
2130,26823.94318
2131,25931.24419
2132,3110.008596
2133,921.106594
2134,22490.94169
2135,620.2338409
2136,3810.426915
2137,7903.96983
2138,12037.33888
2139,13545.44582
2140,618.7041727
2141,256.078664
2142,13406.34588
2143,261.399456
2144,3523.991598
2145,7039.060754
2146,9703.432611
2147,11629.55368
2148,424.365484
2149,213.9389195
2150,13056.58535
2151,228.37282
2152,3835.735043
2153,7086.01702
2154,9603.980197
2155,10920.53368
2156,446.2530998
2157,124.7431168
2158,12875.20307
2159,104.11428
2160,3444.183244
2161,6948.235658
2162,9695.464475
2163,11257.27023
2164,454.3182602
2165,178.288314
2166,13673.06006
2167,230.635287
2168,3215.409582
2169,7429.074564
2170,10963.03893
2171,10667.06718
2172,129.3184274
2173,226.504596
2174,15852.68297
2175,90.179864
2176,5415.694637
2177,11727.50705
2178,19864.99564
2179,17365.78089
2180,584.54777
2181,528.192408
2182,20005.97864
2183,368.166142
2184,5392.137988
2185,9992.455542
2186,18573.84291
2187,16013.82431
2188,552.3862589
2189,374.99701
2190,15411.42212
2191,407.411102
2192,4030.307271
2193,7262.94784
2194,9538.698123
2195,12614.25135
2196,351.304342
2197,177.531286
2198,10919.83652
2199,57.5553752
2200,3673.097726
2201,6586.499157
2202,8036.871807
2203,10011.24038
2204,288.5394304
2205,71.4140992
2206,10670.47666
2207,40.50927468
2208,3280.201914
2209,6327.404605
2210,7036.448873
2211,8667.14829
2212,92.928303
2213,40
2214,10977.93018
2215,40
2216,3760.441759
2217,7040.838128
2218,7817.162134
2219,10794.43234
2220,388.825196
2221,71.517486
2222,11888.72595
2223,43.4525528
2224,4267.388736
2225,7910.120457
2226,10180.12851
2227,13650.50882
2228,294.225076
2229,197.508784
2230,14315.37122
2231,162.168718
2232,6453.879693
2233,12568.92526
2234,24585.53449
2235,20815.94475
2236,1504.47208
2237,386.257932
2238,21241.01734
2239,264.718119
2240,7031.735634
2241,13426.09399
2242,25829.53348
2243,25198.94991
2244,2072.358539
2245,497.9441646
2246,18019.7219
2247,842.35362
2248,8017.369545
2249,13585.28817
2250,20014.63865
2251,22354.39733
2252,2457.323633
2253,1220.056724
2254,17686.78588
2255,1471.507299
2256,5866.796841
2257,10044.72254
2258,12029.04042
2259,13952.14217
2260,1369.336695
2261,411.5386086
2262,14376.486
2263,595.7086796
2264,5213.086064
2265,10297.5895
2266,10272.60386
2267,12748.5442
2268,1067.962055
2269,310.6940999
2270,14035.97496
2271,469.0687618
2272,4300.702979
2273,8886.331654
2274,9965.120621
2275,11205.12727
2276,448.8027432
2277,136.09866
2278,13202.77226
2279,81.95422
2280,4928.581149
2281,9727.599403
2282,12944.68234
2283,14628.8137
2284,884.1910628
2285,294.854742
2286,16690.97615
2287,219.5770363
2288,8342.583016
2289,16153.75668
2290,27855.36908
2291,26383.69868
2292,2568.03845
2293,1352.289145
2294,24397.82302
2295,853.7625613
2296,7892.861951
2297,14933.23618
2298,25054.8343
2299,24834.76368
2300,2118.775088
2301,757.855407
2302,19011.1932
2303,683.9352895
2304,4465.672236
2305,9194.005806
2306,11617.41081
2307,13944.71884
2308,720.1361977
2309,142.7145734
2310,13183.90723
2311,184.0330344
2312,4152.606352
2313,9321.210689
2314,10460.41293
2315,12420.32579
2316,617.4624413
2317,243.869182
2318,13051.80605
2319,148.310727
2320,3701.955552
2321,9495.219055
2322,10404.84673
2323,11559.06865
2324,803.7415137
2325,255.8337683
2326,13133.31421
2327,169.7102357
2328,3614.847822
2329,10278.82665
2330,11310.23946
2331,12426.60657
2332,794.516028
2333,249.5334451
2334,13648.59053
2335,167.9844614
2336,4264.50821
2337,11794.01335
2338,14016.45922
2339,15759.10106
2340,1057.001304
2341,523.6514693
2342,16515.30551
2343,372.626936
2344,6846.456408
2345,17404.88324
2346,28029.66797
2347,26669.59664
2348,2366.428975
2349,930.2412165
2350,23121.01909
2351,624.2253731
2352,4700.197701
2353,15065.09437
2354,24335.84612
2355,25021.48759
2356,1386.296772
2357,429.1181503
2358,17914.70548
2359,358.146791
2360,3773.046823
2361,11285.00835
2362,13475.01701
2363,16903.66968
2364,1154.65975
2365,508.8478244
2366,13616.71684
2367,395.3851129
2368,3567.104551
2369,10410.28527
2370,11934.32983
2371,14101.36372
2372,923.7274572
2373,446.4304292
2374,13366.3338
2375,261.4613393
2376,3019.830631
2377,10142.13031
2378,11495.02977
2379,13202.39915
2380,913.61176
2381,366.3732373
2382,12890.30234
2383,254.4118443
2384,2963.064677
2385,9857.417907
2386,11742.71176
2387,14595.61815
2388,787.4124747
2389,221.0266648
2390,13477.04704
2391,227.5606434
2392,3426.517365
2393,10928.89124
2394,14231.28595
2395,17747.76796
2396,886.1629176
2397,462.9565054
2398,16430.67443
2399,429.0101484
2400,5902.83539
2401,17111.85837
2402,29206.32531
2403,28557.2125
2404,2634.538308
2405,637.09853
2406,22965.182
2407,450.22767
2408,4203.647247
2409,12849.71392
2410,23469.35126
2411,26291.16144
2412,1297.662413
2413,601.5267066
2414,17377.33165
2415,118.562484
2416,2977.777705
2417,9135.060139
2418,11633.15876
2419,17362.9635
2420,770.567255
2421,312.6198474
2422,13000.10506
2423,296.4282121
2424,2807.993762
2425,8783.244061
2426,10552.50099
2427,14693.63741
2428,755.6960006
2429,196.2786689
2430,13058.64086
2431,95.64347638
2432,3169.278216
2433,10698.68714
2434,10615.76888
2435,12584.66252
2436,718.7508231
2437,109.00469
2438,12578.26419
2439,179.692861
2440,3368.99587
2441,11307.53563
2442,11541.97826
2443,13859.43472
2444,956.1327738
2445,281.67305
2446,13663.31542
2447,279.0391672
2448,5064.810627
2449,15352.91422
2450,20812.20578
2451,22415.82546
2452,1561.973116
2453,800.3892802
2454,17214.918
2455,656.8726544
2456,6683.057454
2457,17953.70254
2458,27079.84104
2459,29951.21347
2460,2736.470488
2461,1502.874502
2462,22851.82292
2463,640.5958409
2464,5766.655015
2465,13932.9179
2466,23070.38096
2467,27347.9469
2468,1895.31591
2469,866.0674883
2470,17585.51492
2471,407.81199
2472,3927.641307
2473,9469.968902
2474,13039.95825
2475,16882.43117
2476,1126.120594
2477,452.5901071
2478,13770.46728
2479,487.3282596
2480,3613.646617
2481,8873.824179
2482,11197.71722
2483,13504.47116
2484,885.2998255
2485,259.2728778
2486,13965.22497
2487,362.8361116
2488,3234.834504
2489,8340.512484
2490,10484.48404
2491,12350.47909
2492,976.9392891
2493,256.0954218
2494,13607.95787
2495,263.013574
2496,3145.542372
2497,7830.451839
2498,10158.38961
2499,12734.49301
2500,658.7103395
2501,172.2720098
2502,13834.11224
2503,101.076014
2504,3921.159339
2505,8655.35026
2506,12874.2824
2507,16178.80927
2508,930.5206715
2509,399.9307927
2510,17057.92074
2511,298.2046896
2512,6959.647422
2513,14319.2217
2514,27361.1515
2515,27809.50836
2516,2396.357713
2517,1388.464175
2518,23495.26978
2519,450.3914071
2520,5008.722941
2521,10491.73957
2522,22785.61864
2523,25080.8733
2524,1331.247921
2525,493.016684
2526,17965.87817
2527,199.967412
2528,3718.990996
2529,6926.536045
2530,12550.44757
2531,15540.02047
2532,870.5688647
2533,376.8355128
2534,14477.09911
2535,328.4252174
2536,3388.09697
2537,5551.989632
2538,10596.89439
2539,13378.55604
2540,838.2251397
2541,371.1796838
2542,14522.60701
2543,258.6532386
2544,2873.379728
2545,4533.783491
2546,9057.847419
2547,12549.85272
2548,786.4488191
2549,154.4106917
2550,13971.65557
2551,221.8525102
2552,2678.125345
2553,4494.415142
2554,8991.453657
2555,12957.85646
2556,722.5708487
2557,147.814816
2558,14223.05042
2559,95.51533366
2560,3508.155587
2561,5756.965634
2562,11650.35303
2563,16245.48428
2564,1208.73608
2565,448.9780425
2566,17364.94878
2567,341.2357459
2568,6490.487231
2569,13652.31062
2570,26150.68564
2571,28557.47461
2572,2632.61143
2573,1172.195552
2574,23659.91155
2575,514.6483063
2576,4787.781855
2577,9298.839323
2578,21071.47516
2579,25978.34142
2580,1395.205586
2581,462.695434
2582,18339.61973
2583,269.27576
2584,3118.549884
2585,4661.009007
2586,10561.11576
2587,15417.63379
2588,617.0998277
2589,84.967914
2590,14428.58853
2591,283.1711003
2592,3102.449615
2593,5663.089054
2594,10172.5135
2595,14627.15206
2596,986.3133247
2597,389.9085351
2598,14456.25964
2599,551.6461892
2600,3630.271853
2601,5893.048958
2602,9973.14463
2603,14076.10341
2604,1243.416483
2605,501.7178463
2606,14546.59114
2607,723.5250468
2608,4536.824666
2609,9297.586346
2610,15088.33608
2611,20893.48665
2612,1973.132238
2613,1082.525875
2614,16391.64357
2615,810.6215629
2616,3450.265498
2617,5963.001387
2618,11102.53939
2619,16475.48478
2620,1089.322057
2621,525.780907
2622,17535.45725
2623,525.3907168
2624,7264.233136
2625,13289.88152
2626,25851.25499
2627,27569.38091
2628,2420.190703
2629,1320.231718
2630,24680.4566
2631,931.1763142
2632,4808.466324
2633,8458.752355
2634,19827.37404
2635,25155.85437
2636,1247.733686
2637,452.460726
2638,17871.93005
2639,295.1250146
2640,2512.093293
2641,3855.87039
2642,8627.423894
2643,13900.0354
2644,449.155184
2645,138.5500317
2646,13069.56799
2647,82.81845537
2648,2187.321332
2649,3823.366166
2650,7328.705254
2651,11985.35042
2652,338.9946385
2653,172.4142668
2654,12352.58561
2655,56.22099652
2656,2246.33388
2657,3247.875012
2658,5896.820791
2659,11031.3527
2660,343.0879164
2661,160.448558
2662,11839.35302
2663,239.01232
2664,2211.747062
2665,3422.302151
2666,6147.536304
2667,9967.802436
2668,322.6241472
2669,55.4652048
2670,11949.90363
2671,141.1046358
2672,2232.677476
2673,4152.151824
2674,6676.503147
2675,10102.22874
2676,426.5778716
2677,146.22559
2678,13862.64194
2679,169.9948754
2680,4440.232866
2681,8185.067373
2682,18432.43569
2683,20891.6345
2684,709.825028
2685,570.6004446
2686,20312.66512
2687,255.0705885
2688,2926.475554
2689,5380.454546
2690,13423.19784
2691,18277.21772
2692,356.4079239
2693,133.4965012
2694,14367.43739
2695,45.6287002
2696,2352.092643
2697,3434.418315
2698,6678.656184
2699,9588.248072
2700,303.489118
2701,183.500978
2702,10869.89285
2703,83.496492
2704,2066.99659
2705,3140.509459
2706,5299.160891
2707,7997.228493
2708,276.2599872
2709,76.573944
2710,10686.22656
2711,100.492288
2712,2038.878023
2713,2904.571498
2714,4664.878633
2715,7292.81852
2716,274.236832
2717,47.808772
2718,10444.23391
2719,74.135944
2720,2012.084158
2721,2951.889347
2722,3842.29286
2723,7422.738585
2724,258.1100219
2725,70.460959
2726,10295.30197
2727,65.694732
2728,2179.48338
2729,3486.142518
2730,5779.319129
2731,8972.535127
2732,208.5183076
2733,127.2807056
2734,13590.50809
2735,40
2736,4300.068967
2737,7928.711478
2738,16808.10077
2739,18696.87392
2740,625.9806177
2741,287.7804205
2742,20372.60515
2743,86.29257566
2744,3112.856003
2745,4494.331479
2746,12232.99729
2747,15604.86076
2748,398.5059967
2749,155.209226
2750,14523.41955
2751,40
2752,2274.892056
2753,3043.933639
2754,5475.827746
2755,7084.830375
2756,428.397936
2757,115.4652546
2758,10842.57014
2759,49.5138646
2760,2114.998968
2761,2825.917176
2762,4148.79149
2763,5987.629424
2764,467.8613383
2765,91.7415496
2766,10647.18729
2767,75.6919342
2768,1961.462135
2769,2607.812458
2770,4146.31874
2771,5885.909418
2772,358.1671878
2773,75.415802
2774,10336.23457
2775,126.929752
2776,2222.863108
2777,2631.905379
2778,3901.153106
2779,6159.754794
2780,486.6150127
2781,97.925993
2782,10641.58395
2783,40
2784,2273.224572
2785,3451.218009
2786,5478.034315
2787,8263.355848
2788,202.1948066
2789,102.5990012
2790,12908.50623
2791,48.014668
2792,4634.433146
2793,7897.641462
2794,16134.5991
2795,18294.78502
2796,735.3496982
2797,128.6727573
2798,19527.03451
2799,185.3760454
2800,2873.799091
2801,4478.295396
2802,11607.81444
2803,14741.62774
2804,410.2669407
2805,40
2806,13372.89314
2807,54.55162783
2808,2342.560199
2809,2964.451999
2810,4805.968566
2811,7285.397066
2812,177.3258686
2813,115.843854
2814,10176.68866
2815,40
2816,2157.313179
2817,2666.020291
2818,3966.803227
2819,5884.802154
2820,337.3314091
2821,58.1921622
2822,9777.567545
2823,40
2824,2110.148765
2825,2791.780951
2826,4002.176937
2827,5848.155079
2828,426.2912768
2829,40
2830,9540.560311
2831,40
2832,2313.75409
2833,2890.628915
2834,4474.188287
2835,6943.818902
2836,412.2138029
2837,60.965872
2838,10368.5587
2839,72.66139
2840,3061.973237
2841,4658.213228
2842,7307.792045
2843,10143.4713
2844,560.1870853
2845,345.83816
2846,14396.19072
2847,158.1093508
2848,5425.552958
2849,10635.42477
2850,20594.37199
2851,20369.03162
2852,1180.962322
2853,637.5189466
2854,22092.81007
2855,325.9206808
2856,4415.385518
2857,7260.388089
2858,16652.81855
2859,18971.11023
2860,757.5049638
2861,252.426324
2862,15600.76162
2863,146.5661879
2864,3407.336912
2865,4983.124653
2866,9571.329135
2867,11317.71447
2868,408.248118
2869,164.6648892
2870,11998.73319
2871,171.4489767
2872,3148.43484
2873,4849.783602
2874,8928.499604
2875,10361.44408
2876,315.7565547
2877,87.7853548
2878,11774.88172
2879,56.1075946
2880,3532.561438
2881,6034.259171
2882,11809.30833
2883,14812.38773
2884,493.3542674
2885,150.740424
2886,12177.77478
2887,235.5465488
2888,6372.712766
2889,10605.51061
2890,17122.00706
2891,28277.02988
2892,1010.266891
2893,1042.171373
2894,15436.4453
2895,819.2036675
2896,9184.65759
2897,18363.70182
2898,30517.90257
2899,43971.38029
2900,2630.511317
2901,1713.841544
2902,21033.11162
2903,1490.624913
2904,12489.71605
2905,19379.77798
2906,33009.69652
2907,47284.023
2908,6162.993977
2909,3215.314115
2910,27300.69881
2911,6250.18264
2912,12885.22651
2913,23403.01244
2914,31892.53187
2915,44108.23214
2916,4020.738525
2917,2378.843476
2918,23546.92713
2919,2828.850088